{"cameraMode":{"drawMode":0,"name":"Shaded","section":"Shading Mode"},"sceneLighting":true,"audioPlay":false,"sceneViewState":{"showFog":true,"showMaterialUpdate":false,"showSkybox":true,"showFlares":true,"showImageEffects":true,"showParticleSystems":true},"in2DMode":false,"pivot":{"x":-86.11050415039063,"y":-52.09434509277344,"z":-170.2012939453125},"rotation":{"x":-0.7134415507316589,"y":-0.00041501849773339927,"z":0.0004225854645483196,"w":-0.7007142305374146},"size":174.09695434570313,"orthographic":false}