{"cameraMode":{"drawMode":0,"name":"Shaded","section":"Shading Mode"},"sceneLighting":false,"audioPlay":false,"sceneViewState":{"showFog":true,"showMaterialUpdate":false,"showSkybox":false,"showFlares":true,"showImageEffects":true,"showParticleSystems":true},"in2DMode":false,"pivot":{"x":0.0437169075012207,"y":-0.04642343521118164,"z":-2.384185791015625e-7},"rotation":{"x":-0.7380184531211853,"y":-0.0003909694205503911,"z":0.0004588375159073621,"w":-0.6748072504997253},"size":2.494858980178833,"orthographic":true}