{"cameraMode":{"drawMode":0,"name":"Shaded","section":"Shading Mode"},"sceneLighting":false,"audioPlay":false,"sceneViewState":{"showFog":true,"showMaterialUpdate":false,"showSkybox":false,"showFlares":true,"showImageEffects":true,"showParticleSystems":true},"in2DMode":false,"pivot":{"x":-0.004240751266479492,"y":-0.010548144578933716,"z":0.0},"rotation":{"x":-0.2784038782119751,"y":0.5178413987159729,"z":-0.18292877078056336,"w":-0.7879739999771118},"size":2.9326210021972658,"orthographic":false}